URL,Names
https://www.warmnordic.com/global/products/news,Pragh Chair
https://columbineshowroom.com/products/,
https://hklivingusa.com/products/marble-terrazzo-board-multi-color,Marble & terrazzo confetti board
https://vauntdesign.com/products/forna-plant-stand-small,Forna Plant Stand Small - Vaunt Design
https://relm.com.au/products/,
https://www.cmphouse.com/products/huntington%E2%84%A2-8pc-patio-sofa-and-lounge-chair-set,
https://gfurniture.ca/products/,
https://mulamu.com/products/membership,
https://www.collectioni.com/products/noahs-ark-lounge-swivel-chair,"White Polar Bear Lounge Swivel Chair, White Polar Bear Lounge Swivel Chair"
https://shop.vanillawood.com/products/plume-wallpaper,
https://www.kmpfurniture.com/fire_collection/products/beds_80.html,"Adriatic Bed, Alice Bed, Canali Bed, Castiglione high headboard bed, Forma Bed, Geronimo Queen Bed, Grand Bed"
https://www.willowcreekteak.com/products/8pc-venice,
https://www.tandemarbor.com/products/kaiser-box-bed-blush-plush-velvet,"Sofas, Chairs, Ottomans & Benches, Beds"
https://bohincstudio.com/collections/vases/products/jupiter-vase,
https://www.furnitureworldgalleries.com/products/,
https://www.vavoom.com.au/products/ebony-chest,"LOUNGE & LIVING, Accent & Occasional Chairs, Coffee Tables, Side Tables, Sofas, TV Units & Cabinets, Chairs & Barstools, Dining Tables, Consoles, Beds & Bed Heads, Bedside Tables, King Beds, Queen Beds, Floor Lamps, Lamp Bases Only, Lamp Shades Only, Table Lamps, Table Linen & Napkin Rings, Chest of Drawers & Storage, Chest of Drawers & Storage"
https://kokocollective.com.au/products/esme-natural-rattan-day-bed,"Esme Natural Rattan Day Bed 1 IN STOCK, Esme Natural Rattan Day Bed 1 IN STOCK, Esme Natural Rattan Day Bed 1 IN STOCK, Esme Natural Rattan Day Bed 1 IN STOCK, Koko Home Chair Collection"
https://barnabylane.com.au/products/spensley-tan,"Spensley Dining Chair - Tan, Spensley Dining Chair - Tan"
https://www.dimshome.com/products/eave-desk,
https://chansfurniture.com/products/copy-of-42-tennant-brand-modern-style-beatrice-bathroom-sink-vanity-tb-9433-v42-wenge-color,
https://www.theurbaneditions.com/products/marston-wide-desk-on-minimalist-square-legs,
http://position-collective.com/skill/products/,"Patala Floor Lamp, Rog Wall Lamp"
https://vancouverwoodworks.com/products/aamerica-wslcb5091,Westlake Queen Storage Bed
https://teak-warehouse-sale.com/products/tws889lt-000-ta-lp,"Scandinavian Lamp Table TWS889LT-000-TA-LP, Scandinavian Lamp Table TWS889LT-000-TA-LP"
https://www.living-home.co.uk/products/58-07-valencia-side-table,"Milan Side Table, Milan Side Table"
https://www.naturalgeo.com/products/natural-geo-jasmine-modern-wavy-abstract-gray-black-area-rug,
https://www.ultimateliving.co.nz/products/adam,
https://hanchicsfurniture.co.uk/products/stag-f-b-sideboard,"The Stag Geo Sideboard, The Stag Geo Sideboard"
https://scenicdecor.ca/products/grasshopper-storage-bin,
https://claytongrayhome.com/products/palecek-coco-ruffle-mirror,
https://www.centralliving.co.uk/products/vik-desk-chair,
https://1outdoorfurniture.com/products/asmund-outdoor-console-table-with-2-sink-set-1tf168inx-console-table-2-sink-set,"ASMUND Outdoor Console Table with 2 Sink Set, ASMUND Outdoor Console Table with 2 Sink Set"
https://yoyo.co.nz/products/yoyo-gift-voucher,
https://eurolivingfurniture.com/products/746-writing-desk,"Table Lamps, Bar + Counter Stools, How To Clean Office Chairs: Tips and Tricks"
https://www.blackmango.com.au/products/gift-card,
https://thebellacottage.com/products/barrel-bar,"Songbird Toile Settee, Songbird Toile Settee, Gordon Glass Floor Lamp, Gordon Glass Floor Lamp, Farmhouse Confectionery Display Cabinet, Farmhouse Confectionery Display Cabinet, French Inspired Demi Lune Table, French Inspired Demi Lune Table"
https://ifurnituresupply.com/products/spray-adhesive,
https://www.vetrohome.com/products/dice-sofa,
https://www.blockandchisel.co.za/products/special-features/promotion-53,Ebony Nala Stool
https://pastperfect.sg/products/,
https://modernkomfort.ca/products/glen,"Joanne Storage Bed | Rust, Vanity, Lamps, Bed + Bath, Adel Outdoor Accent Chair - Brown Stripe"
https://themodern.net.au/products/hamar-plant-stand-ash,"Hamar Plant Stand - Ash, Hamar Plant Stand - Ash, Hamar Plant Stand - Ash, Arna Oak Oiled Low Bookcase, Orrma Wide Chest of 4 Drawers, Arna Bench Oak Oiled - Black Leather, Vastra Glass Coffee Table, Arna Sideboard - Oak Oiled, Arna Oiled Oak Console Table, Hamar Plant Stand - Ash, Hamar Plant Stand - Ash"
https://finelinefurnitureandaccessories.com/products/colosso-woven-neoprene-hand-knotted-basket,
https://settlehome.co.uk/products/double-pair-of-triple-pinch-pleat-curtains-in-zoffany,
https://www.thecurious.mx/collections/products/products/arcos-chair,"Arcos Chair, Arcos Chair"
https://craftassociatesfurniture.com/products/craft-associates-wool-lounge-chairs-1519,"Canadian Modern Lounge Chairs - 1519, Canadian Modern Lounge Chairs - 1519, Vadar Leather Wing Chair - 1407, Craft Modern Grey Mohair Arm Chair - 1407, Wooly Modern Arm Chair in Wool - 1407"
https://www.canvasinteriors.com/collections/rugs/products/lia,
https://sigmanmills.com/products/gift-card,
https://www.mainecottage.com/collections/workspace/products/big-cay-desk,"Big Cay Desk | Maine Cottage, Big Cay Desk"
https://asplundstore.se/products/fish-bricka,
https://www.gloster.com/en/products/materials/teak,
https://furnituremama.com/products/three-door-wardrobe-mirror-2,
https://www.loungesplus.com.au/products/baird-fabric-lounge-package,"Fabric Lounges, Collection:Fabric Lounges"
https://www.rimufurniture.co.nz/products/riviera-1900-hutch-2/,
https://ikonitaly.com/products/minimaproject-chieut-table,"minimaproject chieut table contemporary low table, limac design ricky contemporary laundry hamper, slide low lita love chair garden furniture, slide low lita love chair garden furniture, luceplan blow ceiling fan lamp dimmable, luceplan blow ceiling fan lamp dimmable"
https://modernhomefurniture.com.au/products/albert-sofa,"Albert : Sofa, Addington : Chaise Sofa, Addington : Sofa Fabric, Angelina : Chaise Sofa Electric Recliner, Aria : Accent Chair"
https://gingerjarfurniture.com/products/page/3/,"Zip Modular Armless Chair – Beige, Zip Modular Armless Chair – Beige, Harley Leather Swivel Chair, Harley Leather Swivel Chair, RB50 Leather Sofa, RB50 Leather Sofa, 384 Armchair, 384 Armchair, SET OF 4 Nata Dining Chairs, SET OF 4 Nata Dining Chairs, Mag Buffet, Mag Buffet, Save $200 on each Stressless Seat, 10% off Comfort Sleeper Sale"
https://www.lujoliving.com/products/bean-bag-hook,
https://oakforless.com/products/gift-card,"Armoires, Beds, Bookcase Headboards, Chests of Drawers, Dressers, Platform or Storage Beds, Storage Chests & Trunks, Murphy Wall Beds, Bars & Wine Storage, Benches, Dining Chairs, Dining Chairs with Casters, Dining Tables, Hutches & Buffets & Servers, Sofas & Loveseats, TV Stands, Bars, Benches, CD/Media Cabinets, Phone Stands, Rockers & Gliders, Sofa Mate Tables"
https://midcenturymasters.com/products/sculptural-ebonized-credenza-with-silver-leafed-front,
http://www.muuduufurniture.com/products/frame-material/wood/,"2Pcs Mid-Century Dining Chair, 3Pcs Black and White Faux Leather Sofa Set, 3Pcs Cream Faux Leather Sofa Set, 3Pcs Dark Brown Faux Leather Sofa Set, 3Pcs Dark Gray Leather Air Fabric Sofa Set, 3Pcs Purple Fabric Sofa Set, 3Pcs Rose Gold Faux Leather Sofa Set, 3Pcs Taupe Microfiber Leather Sofa Set, 3Pcs White Microfiber Leather Sofa Set, 6Pcs Sectional Set in Grey, Abrianna Brown Love Seat, Abrianna Brown Sofa, Abrianna Brown Sofa Set, Abrianna Gray Love Seat, Abrianna Gray Sofa, Abrianna Gray Sofa Set, Accent Chair in Indigo, Aislin Espresso Chair, Aislin Espresso Love Seat, Aislin Espresso Ottoman, Alicia Light Brown Love Seat, Alisa Sectional in Ivory, Amaris Dark Brown Loveseat, Amaris Dark Brown Recliner, Amaris Dark Brown Sofa, Amaris Dark Brown Sofa Set, Anita Espresso Power Love Seat w/ Console, Ash Chair, Ash Loveseat, Ash Sofa, Ash Sofa Set, Asma Beige Loveseat, Asma Beige Sofa, Asma Beige Sofa Set, Atlantic Chair, Atlantic Loveseat, Atlantic Sofa Set, Augustina Light Brown Chair, Augustina Light Brown Love Seat, Augustina Light Brown Sofa, Augustina Light Brown Sofa Set, Azis Gray Fabric Love Seat, Badalona I Beige Love Seat, Badalona I Grey Love Seat, Basix Portico 2Pcs Dining Chair in Off White, Bed Bench in Vintage Cream"
https://www.goodwoodfurniture.com.au/products/wardrobes/colonial-robe/,
https://squarehome.com/products/,
https://primrosehomeware.co.uk/products/pulley-clothes-airer-5-lath,
http://www.diamondfurniturepremier.com/products/,
https://signaturefinefurniture.ca/products/jacobson-bed,
https://taeillo.com/products/ada,"Sofa, tables, chairs, consoles, coffee table, beds"
https://dhfonline.com/products/gift-card,
https://jeremiahcollection.com/products/record-storage-console,"Mid Century Record Storage Console, Mid Century Record Storage Console"
https://elephanthead.co.uk/products/colourful-markers-cushion-cover,
https://thebanyantree.com.au/products/gift-card,
https://wholesaleclassicfurniture.com/products/lyon-french-victorian-lamp-table-bedside-timber-bedside-table-white-wcf168bs-101-pn-wh_1,
https://singapore-furniture-sale.com/products/naples-teak-coffee-table-40x60x100-sfs638ct-000-ta,"Naples Teak Coffee Table 40x60x100 SFS638CT 000 TA, Naples Teak Coffee Table 40x60x100 SFS638CT 000 TA"
https://www.konfoliving.com/products/miami-bean-bag-chair,
https://www.countrysideamishfurniture.com/products/home-entertainment-centers/all/P40,"Table Type, Chair Design (Size), Chair Design, Features (Desks), Seat Height, Table Height, Bench Back, Features (Chests)"
https://designhouse.com/products/pig-bank,
https://www.jensen-lewis.com/products/guardsman-gold-complete-plan,
https://www.waynesfinefurnitureandbedding.com/search/products/?s=power+recliners&pp=120,"Sensational Sectionals, Valderno 2-Piece Sectional with Chaise, Trail Boys 2-Piece Reclining Sectional, Tracling 3-Piece Sectional with Chaise, Top Tier Reclining Sectional with Chaise, Top Tier Reclining Sectional, Temmpton Reclining Sectional, Temmpton Power Reclining Sectional Sofa, Wynnlow Bed, Wynnlow Dresser, Shop Accent ChairsStyle Your SpaceSee More, Shop Accent ChairsStyle Your SpaceSee More, Shop Accent ChairsStyle Your SpaceSee More, Shop Accent Chairs, Wardsor Swivel Chair, Upshur Accent Chair, Triptis Accent Chair, Tilden Accent Chair, Sidewinder Accent Chair, Searcy Accent Chair, Renley Accent Chair, Puckman Accent Chair"
https://taktcph.com/products/,"Bow Chair, Cross Task Chair, Spoke Sofa, Cross Chair, Turn Chair, Turn Table, Cross Bar Chair Tube, Cross Chair Tube, Studio Bar Stool, Cross Bar Chair, Arc Dining Table, Studio Table, Soft Lounge Chair, Sling Side Table, Sling Coffee Table, Arc Chair, Soft Chair, Cross Table 120, Soft Bench, Cross Table 75, Praise from the press, Try the chair in your own home"
https://adona.in/products/adona-adonica-fusion-king-bed-plywood,"Adona Adonica Fusion King Bed in Plywood, Adona Adonica Fusion King Bed in Plywood, Adona Adonica Fusion King Bed in Plywood"
https://www.novena.com.sg/collections/stayhome-collection-for-immediate-delivery/products/altas-dining-set-solid-wood,"Reclining Armchairs For Relaxing Privately, Caterpillar Recliner Armchair, Zayn Recliner Armchair, Fabric, Watson Electric Recliner Armchair, Slate, Toraz Electric Recliner Armchair, Fabric, Anton Rocking Recliner Armchair, Fabric, Armchairs, Armchairs, Dining Chair Best Sellers, Poline Dining Chair - Fabric - Beige, Sasha  Dining Chair, Grey - Fabric/PU, Allan Dining Chair, Synthetic Leather - Ash Grey, Capri Swivel Dining Chair, Fabric - Grey, View allDining Chair, View allDining Chair, View allDining Chair, Dining Chair, View allDining Chair, View allDining Chair, View allDining Chair, Dining Chair, Recliner Collection, Recliner Collection, Emma 3 Seater Recliner Sofa, Simulated Leather, Hampton II 3 Seater Recliner Sofa, Fabric, Zayn 3 Seater Recliner Sofa, Fabric, Jadyn 3 Seater Recliner Sofa, Simulated Leather, Skylar 3 Seater Recliner Sofa, Half Leather, Julie 3 Seater Sofa Bed, Fabric, Julie 3 Seater Sofa Bed, Fabric"
https://www.zavedo.nz/collections/wall-hooks/products/soho-hook-50,
https://teakco.com/products/amsterdam-2-drawer-bedside-table-tek168bs-002-ta,
https://www.oakvillage.co.uk/products/woburn-painted-wine-rack%20via%20@//twitter.com/oakvillage,
https://tiger-oak.com/products/skovby-portable-bar,"Skovby Portable Bar, Skovby Portable BarSkovby Portable Bar, Skovby Portable Bar"
https://www.cranmorehome.com.au/products/gift-card,
https://scanteak.com.sg/products/apen-bookcase,"APEN BOOKCASE, APEN BOOKCASE"
https://furnitureoutletnc.com/products/deluxe-full-mattress,
https://www.balirepublic.com.au/products/fabric-cleaner,
https://www.totemroad.com/products/gift-card,
https://curiousgrace.com.au/products/cleo-desk-lamp,
https://www.wbjamieson.com/products/string-system,
http://camerich-bd.com/products/,
https://jordansinteriors.ca/products/park-slope-desk,"Park Slope Desk, Park Slope Desk, MORE JORDANS BRANDS, Size Chart, Size Chart"
https://www.madebyhame.com/products/ladder,
https://candb.ca/products/10-gel-memory-foam-mattress,Warranty
https://hedgehousefurniture.com/products/windsor-bed,"Windsor Bed, Windsor Bed, Windsor Bed"
https://www.jandjtreasuretrove.net/apps/webstore/products/show/8098794,
https://www.thefurniturefactory.org.uk/products/warwick-dining-set,"Warwick Dining Table & 4 Chairs, Warwick Dining Table & 4 Chairs, Warwick Dining Table & 4 Chairs"
https://medleyhome.com/products/ridge-accent-chair,"Rio Sofa, Rio Plush Chaise Sectional in Natural Latex, Lala Sofa, Dekayess Sofa, Lala Chaise Sectional in Natural Latex, Mota Sofa, Kirnik Sofa in Natural Latex, Palder Bed, Rio Plush Sofa in Natural Latex, Burr Accent Chair in Natural Latex, Jasmi Dining Chair in Natural Latex"
https://www.hopperstudio.com/products/sofia-nightstand,
https://www.nsquarestudio.com/products/odin-bedside-table,"Odin Bedside Table, Odin Bedside Table"
https://mossgardenhome.com/products/woodland-puzzle,"Lounge, Rockford Rattan Loveseat, Live Edge X-Base Dining Table, Live Edge X-Base Bench, Fritz Dining Chair, Venice Outdoor Deep Seating Chair, Millcroft Outdoor Deep Seating Chair, Oasis Outdoor Dining Arm Chair, Riverside Outdoor Loveseat, Monaco Outdoor Square Side Table, 20"", Verona Outdoor Sofa, Verona Outdoor Loveseat, Lakeview Outdoor Dark Rum Side Table, 23"" x 23"", Carleton Outdoor Deep Seating/Loveseat, Set of 2, Genoa Outdoor Club Chair - Set of 2, Monaco 23"" Outdoor Round Side Table, Betty Reclaimed Wood Cabinet, 54""H, Mandovi 3-Drawer End Table / Nightstand, Irondale Modular Desk, Cream Finn Sling Chair, Missy Green Velvet Club Chair, West Side Table, Irish Coast African Dusk Ladder Back Chair, Tahiti 72""x 40"" Outdoor Dining Table, Millcroft Outdoor Sofa, Millcroft Outdoor Side Chair, Mesa 23"" Outdoor Round Side Table, Riverside Outdoor Deep Seating Chair, Verona Outdoor Deep Seating Chair, Acacia Outdoor 5-Position Captain's Chair, Tahiti Outdoor Loveseat, Tahiti Outdoor Deep Seating Chair, Remix Dining Chair, Trellis Outdoor Sofa, Milano Outdoor Loveseat, Luther Dining Chair, Black, Lakeview Outdoor Deep Seating Chair, Dining Chairs, Dining Chairs, Dining Tables, Dining Tables, Accent Chairs, Accent Chairs, Coffee & Side Tables, Coffee & Side Tables"
https://www.mrandmrswhite.net/products/gift-card-2,
https://vastinterior.com.au/products/samson-daybed-single-2,"Samson Daybed Frame - Single, All Sofas, All Beds, Samson Daybed Frame - Single, Bonne Daybed Frame, Samson Single Daybed Foam and Cover, Clara Table Lamp Natural/White 30x30x46cm, Seiko Trinket Box Cream/Blue, Trinity Table Lamp, Eden Table Lamp, Trinity Table Lamp, Eden Table Lamp"
https://www.aarniooriginals.com/collections/shop/products/pony,
https://varkoa.com/products/sven-chair,
http://www.komodromos.com.cy/products/special-offers/page/2/,"Trapani Dining Chair White w/Rope – 11PCS ONLY, Nika Dining Chair White Alu w/Rope – 2PCS ONLY, Varese Dining Chair Diamond – 6PCS ONLY, Tivoli Dining Chair Sunny Cream, Barolo Dining Chair Anthracite, Barolo Dining Chair White, Rosario Bench Cast Alu Riven Grey – 3PCS ONLY, Torano Daybed Desert Sand – 3PCS ONLY, Tipperary Ext. Table 160/260x90cm Xerix w/HPL Top"
https://www.grandadsshedbrigg.co.uk/products/living/east-indies-living/,
https://www.espasso.com/products/tearsheet/1815,
https://www.castlery.com/products/spot-shelf,
https://www.212concept.com/products/ikon-sofa,"Ikon Sofa, Ikon Sofa"
https://reecefurniture.com/products/jonkoping-sofa,
https://mueblesitaliano.ph/products/,
https://houseofanli.com/products/gift-card,"Tita Sofa Modular, Tita Sofa Modular, Alex Sofa L-Shape, Alex Sofa L-Shape, Pantuti Arm Chair, Pantuti Arm Chair, Pantuti Stool, Pantuti Stool"
https://www.hamac-shop.be/products/hamac-brasil-xxl-vert,
https://www.myconcept.com.hk/products/moo,
https://www.hipvan.com/products/sleep-mattress?ref=nav_dropdown,
https://hauslondon.com/products/gift-card,
https://coastalhomecollective.com.au/products/wooden-tray,
https://whataroom.com/collections/new-arrival-rugs/products/arsene-r3475-aqu000,"What A Room Furniture - Fully Customizable Sofas, Meet with a designer, Popularstyles, Comfy Lounge, Exploreour 12 styles"
https://www.antoninimodernliving.com/products/,
https://thefinestore.com/products/gift-card,"dining chairs, stools & benches, easy chairs, sofas, dining tables, desks, desk chairs, table lamps, wall lamps, ceiling lamps, floor lamps, lifestyleShow menu, lifestyle, dining chairs, stools & benches, easy chairs, sofas, dining tables, desks, desk chairs, table lamps, wall lamps, ceiling lamps, floor lamps, lifestyleShow menu, lifestyle"
https://livingbydesign.net.au/products/sorensen-teak-bench-seat-dining,"SORENSEN TEAK BENCH  |  100CM, BED + BATH, LAMPS + LIGHTING, SORENSEN TEAK BENCH  |  100CM"
https://dfohome.com/products/patio-furniture/swings/all-swings,Deluxe Cotton Rope Swing Chairby Key West Hammocks
https://jeffjonesfurniture.net/products/Ashley-Furniture/ashley/b69746.html,
https://shannonsales.co.uk/products/special-offers/special-offers-and-sale-items/,
https://www.loomlan.com/collections/modern-furniture-sofa-loveseat-tufted-leather-blue-velvet/products/dean-92-california-casual-sofa,"Sofas & Loveseats - LOOMLAN, Sofas & Loveseats, Denys Cappuccino White Leather Sofa, Bronx Channel Back Velvet Sofa, Bronx Channel Back Velvet Sofa Chair, Callan Modern Aniline Leather Sofa, Thomas Removable Back Cushions Sofa, Rue Removeble Back Cushions Sleeper Sofa, Bridgers Dual Controls Power Recliner Sofa, Faye Boucle Curved Design Sofa, Fielder Top Grain Brazilian Leather Sofa, Vernon Mid Century Design Sofa, Bria Modern Cozy Comfort Sofa, Kiran Conventional Sleeper Sofa"
https://plankandpipe.co.uk/products/copper-pipe-clothes-hanger-hooks,
https://www.wellhunghammocks.com/products/mexican-hammock,"Mexican Hammock, Mexican Hammock, Cotton Brazilian Hammock, Large Cotton Brazilian Hammock, Large Mexican Hammock, Hanging Chair Hammock with Footrest"
https://www.thefurnituremegastore.co.uk/products/noir-80x180-cm-wall-mirror,"Chairs, Sofas, Footstools & Benches"
https://www.finnavenue.com/products/carrara-round-dining-table,
https://interiorsonline.com.au/products/interiors-online-gift-card,
https://www.insaraf.com/products/solid-wood-coasters,"BAR, BAR, Lamps & Lights, Lamps & Lights, Solid Wood INDIANA Walker Coffee Table, Solid Wood INDIANA Walker Coffee Table, Wooden LOG Indiana Thar Bookcase, Wooden LOG Indiana Thar Bookcase, Solid Wood INDIANA Pod Stool, Solid Wood INDIANA Pod Stool, Wooden Rajasthani Charpai Bench Bed, Wooden Rajasthani Charpai Bench Bed, Solid Wood Rajasthani Charpai Bench Khat, Solid Wood Rajasthani Charpai Bench Khat, Solid Wood Poster Bed Imperia, Solid Wood Poster Bed Imperia"
https://www.onlydiningchairs.com.au/products/wooden-velvet-retro-grey-dining-chair,"CHOOSE FROM OUR DINING CHAIR STYLES, DINING CHAIRS AUSTRALIA, 5. Do you sell second hand dining chairs?, 6. Do you provide warranty of dining chairs?"
https://www.theguestroomfurniture.com/products/,
https://www.innerspace.net.au/products/STOOLS-5414,
https://waltercox.co.uk/products/,
https://wholesaleteakcompany.com/collections/frontpage/products/sonoma-los-angeles-mirror-back-teak-glass-display-cabinet-wtc288dc-200-mr-pnm,
http://www.furnimax.co.uk/products/more-sleep-cadiz-double-complete-set/,
https://www.scotmeachamwoodhome.com/products/hodges-tweed,
https://www.somedaydesigns.co.uk/products/muuto-tip-lamp?variant=513748041743,"tip table lamp, tip table lamp, tip table lamp"
https://teak-furniture-singapore.com/products/sweden-side-table,"Sweden Teak Side Coffee Table 60 x 60 cm, Sweden Teak Side Coffee Table 60 x 60 cm"
https://www.harpersproject.com/products/marble-stool,
https://panana.co.uk/products/3-seater-sofa-bed,
https://donar.si/products/collodi,
https://www.lujo.co.nz/products/bean-bag-hook,
https://www.bellus.com/products/,"Bench Ness, Bench Rubin, Bench Superior, Bench Zafir, Chic Footstool, Coral Jumbo Footstool, Coral Magnum Footstool, Jumbo Footstool, Lorenzo Footstool, Magnum Footstool, Merion Footstool, Mode Footstool, Mood Footstool, Presly footstool, River Footstool, Robust Footstool, Round Footstool, Siena Footstool, Standard Footstool, Style Footstool, Zarra Footstool"
https://mintffe.com.au/products/,"002 Chair, 002 Chair, 04 Chair, 04 Chair, 152 Table, 152 Table, 20 Chair, 20 Chair, 252 Table, 252 Table, 33 Armchair, 33 Armchair, 811 Lounge Armchair, 811 Lounge Armchair, 811 Lounge Chair, 811 Lounge Chair, 822 Chair, 822 Chair, A-Frame High Bar Base, A-Frame High Bar Base, A-Frame Table Base, A-Frame Table Base, Abby Bar Stool SG01, Abby Bar Stool SG01, Acorn Outdoor Bentwood Stool, Acorn Outdoor Bentwood Stool, Acre Arm Bar Stool, Acre Arm Bar Stool, Acre Armchair, Acre Armchair, Acre Bar Stool, Acre Bar Stool, Acre Dining Chair, Acre Dining Chair, Acre XL Armchair, Acre XL Armchair, Adustrial Bar Table, Adustrial Bar Table"
https://www.couchpotatocompany.com/collections/best-sellers/products/ro-armchair,"Ro Armchair, All Brands, Ro Armchair, Ro Armchair, Bubble Chair, Eames Aluminium Armchair EA 108, Fritz Hansen Swan Chair, Knoll Saarinen Tulip Dining Table Oval, Saarinen Womb Ottoman - Relax, Ro Armchair"
https://woodshopfogoisland.ca/products/bertha-chair,"Bertha Chair, Bertha Chair, Bertha Chair, Washed Boards"
https://www.eurohausfurniture.com/products/novaluna-parigi-platform-bed,
https://www.theoakfurnitureshop.com/products/country-trend-solid-oak-tv-stand-51/,
http://roomyroom.com/collections/writing-table/products/french-riviera-paris-3-drawer-desk-rmy238,Buffet
https://classicwithatwist.com.au/products/1900-bench,"1900 BENCH, 1900 BENCH, 1900 BENCH, 1900 BENCH, 1900 ARMCHAIR, 1900 CHAIR"
https://french-classic-furniture.com/products/french-round-back-dining-chair-white-fcf688ch-000-rd-qa-wh_1,"French Round Back Dining Chair,, French Round Back Dining Chair,"
https://lazysusansusa.com/products/ls-16-myr-16-inches-in-diameter,
https://www.mykahome.com.au/products/zee-back-cushion,
https://westbridgefurniturestoke.co.uk/products/view/890,
https://finditstyleithome.com.au/products/dahlia-mirror-gold-1,"Lulu Bed - Petal Pink  Queen, Palma Chair, Desa Hallway Table, Bondi White Leather Dining Chair, Jepara Solid Mahogany 4 Poster Bed - White Queen, Tiffany Buffet - White, Chandra Round Coffee Table - White, The Cove Rattan Console, Lulu Bed - Queen in Charcoal, Avalon Rattan Console, Acorn Rattan Bedside Table - RHS, Bronte Day Bed"
https://camerichseattle.com/products/rugs/,
https://www.smallspaceplus.com/products/scube,"Cube Ottoman 5-in-1 Nesting Stools (20""), Transportation Size, Assembly Time(for 1 person)"
https://ubikhome.co.za/products/ada-tv-stand,
https://www.zipchair.com/products/stealth-recliner-with-boston-bruins-logo,"Stealth Recliner with Boston Bruins Logo, Stealth Recliner with Boston Bruins Logo"
https://nativelifestyle.co.uk/products/cons-cesar01,"Cesar Gold Console Table, Cesar Gold Console Table"
https://lovenlight.eu/products/page/3/,
https://copperbarnhome.com/products/gift-card,
https://www.knoll.com/design-plan/products/by-designer/knoll,
https://jubileefurniturelv.com/products/anette-modern-leather-bed,"Anette Modern Leather Bed, help my brother got stuck in the sofa"
https://interiorsinvogue.com/products/side-sofa-table-silver-finish-har189,"Sofa Table in Silver Colour Finish, Sofa Table in Silver Colour Finish"
https://www.royaloakfurniture.co.uk/products/pop-bench,"Arncliffe Pop Bench, Arncliffe Pop Bench"
https://mybossfurniture.com/products/tullis-2&via=&text=Tullis%20Cream/Navy/Gray%20Medium%20Rug,
https://www.danishinspirations.com/products/products/bedroom/page/3/,"LINQ 9185 High Chest, LINQ 9186 Double Dresser, MARCO Double Dresser, MARCO High Chest, MARCO King Bed, MARCO Queen Bed, MARINI Double Dresser, MARINI High Chest, MARINI King Bed, MARINI Queen Bed, MARTI Double Dresser Grey"
https://www.ledecostyle.com/collections/featured-products/products/1970s-sputnik-suspension-lamp-made-in-murano-in-star-form,Tables
https://lamporia.com/products/tbl4229a,
https://hilaryandflo.co.uk/products/nice-print,
https://lostine.com/products/jack-chairs,"Jack Leather and Wood Stool - Tan, Jack Leather and Wood Stool - Tan, Jack Leather and Wood Stool - Tan, Hugo Barbell Floor Lamp - Natural, Trumpet Lamp - Large, Alek Desk Lamp"
https://bestfurniture.co.nz/products/linea-sideboard,"LINEA SIDEBOARD | BUFFET, LINEA SIDEBOARD | BUFFET, LINEA SIDEBOARD | BUFFET, Freight Prices"
https://www.theteakplace.com.au/products/garden-bench-cushions,"Sunproof Garden Bench Cushions, Chairs, Tables, Sun Lounges, Benches, Daybeds, Coffee Tables, Lounges & Sofas, Bar Furniture, Sunproof Garden Bench Cushions, Sunproof Garden Bench Cushions"
https://www.skyhomedecor.com/collections/kids/products/the-rug-market-doodle-71287-area-rug,
https://ulfertskids.com/products/rectangle-6,
https://www.softsquare.com/collections/usm-haller/products/usm-haller-media-o1,"side table O118 | USM Haller, side table O118 | USM Haller"
https://livingedge.com.au/products/tables/dining,"Linear Wood Table, Saarinen Dining Table, Oval, Sunday Dining Table, Circular Dining Table, Lamina Dining Table, Bigfoot™ Table, Midst Round Dining Table, Melt Dining Table, Penrose Table, Hiroki Table, Andoo Extendable Dining Table, Nelson™ Swag Leg Dining Table, Rectangular, Bicorn Cafe Table, Groove Table, Oval, Breadstick Round Table, Officina Table, Guéridon Table, Explorer 5 Dining Table, Dining Tables | Living Edge, Chairs, Sofas, Tables, Dining Tables, Dining Tables, Linear Wood Table, Saarinen Dining Table, Oval, Sunday Dining Table, Circular Dining Table, Lamina Dining Table, Bigfoot™ Table, Midst Round Dining Table, Melt Dining Table, Penrose Table, Hiroki Table, Andoo Extendable Dining Table, Ren Round Dining Table, Platner Dining Table, Nelson™ Swag Leg Dining Table, Rectangular, Saarinen Dining Table, Round, Spoke Dining Table, Eclipse Dining Table, Bicorn Cafe Table, Groove Table, Oval, Breadstick Round Table, Slab Dining Table, Round, Officina Table, Guéridon Table, Explorer 5 Dining Table"
https://thefurniture-house.co.uk/products/new-grey-recliner-sofa,
https://tyfinefurniture.com/products/enso-platform-bed,"Bed Specifications, Bed Size:twin, Apollo Platform Bed - Solid Wood Modern Bed Frame, Apollo Platform Bed - Solid Wood Modern Bed Frame, Apollo Tall Dresser"
https://dunlin.com.au/products/beadlight-cirrus,"TABLE & FLOOR LIGHTS, Tables & Consoles, PROJECTS & PRESS"
https://shophorne.com/products/sarpaneva-cast-iron-casserole,"Bed + Bath, Brands, Wall Box - Rectangle, Plant Box, Plant Box Small"
https://rileysrealwood.com/products/detail/magnistretch-12,
https://www.skandium.com/products/ch24-soft,CH24 Wishbone Chair - Beech - Soft colours
https://lorfords.com/collections/the-armchair-collection/products/the-bayswater-armchair,"The Bayswater Armchair, The Bayswater Armchair"
https://www.do-shop.com/products/gift-card,Tables
https://blupeter.com.au/products/tulip-object,
https://taylorbdesign.com/products/hb-1441,
https://big-sale-furniture.com/products/amsterdam-bench-150-x-35-be-150-35-ta,
https://lesa.com.my/website2019/products/living/,
https://www.sunshinefurniture.com.au/products/albert-sofa,"Albert : Sofa, Addington : Chaise Sofa, Addington : Sofa Fabric, Angelina : Chaise Sofa Electric Recliner, Aria : Accent Chair"
https://www.ofo.com.au/products/hanging-pod-chair,"Hanging Pod Chair - Outdoor Hanging Chair, Outdoor Lounges, Outdoor Bars, Hanging Pod Chair - Outdoor Hanging Chair, Hanging Pod Chair - Outdoor Hanging Chair, Hanging Pod Chair - Outdoor Hanging Chair"
https://www.factorybuys.com.au/products/euro-top-mattress-king,Beds &Bed Frames
https://cultdesign.co.nz/products/molloy-chair,"Molloy Chair, Tables, Coat Stands, Ottomans, Beds"
https://galvinbrothers.co.uk/products/alfandbud,"Alf & Bud Side Tables, Alf & Bud Side Tables, (Perfectly) Imperfect Stool, Cutler's Stool, (Completely) Imperfect Side Table, Bobbin Side Table, Polygon Pedestal Lamp Table, Polygon Pedestal Side Table, Fluted Sideboard, (New) Octagon Side Table, NEW NARRATIVES: BOBBIN CONSOLE, Bedside Cabinets"
https://driftingwood.in/products/driftingwood-room-garden-love-folding-table-black,"Beds, Tv cabinets, Lamp And Lighting, Sofa, Seating & Chairs, Table, Sofa Sets, Sofa Cum Beds, Dining Tables Sets, Dining Tables, Chairs, Bar Furniture, Study Table & Chair"
https://shop.gubi.com/products/epic-dining-table,"Multi-Lite Portable Lamp, 9209 Table Lamp, Bestlite BL1 Table Lamp, C-Chair Dining Chair, Pacha Lounge Chair, Beetle Dining Chair, Gräshoppa Floor Lamp, Gravity Table Lamp, C-Chair Outdoor, Timberline Floor Lamp, Gravity Table Lamp, Bagdad Portable Lamp, Model 597 Table Lamp, Violin Dining Chair, Beetle Dining Chair, Stemlite Table Lamp, 9602 Floor Lamp, Beetle Dining Chair"
https://homestreethome.ie/products/zinc-tray,"Kitchen & Dining Room Tables, Chairs & Benches, Coffee & Side Table, Shelving & Bookcases, Vintage Wall Display Cabinets, Stand Alone Cabinets, Sideboards & Dressers, Side Consoles Tables & Desks, Table Cloths, Napkins & Aprons, Jewellery & Treasure Boxes, Bags & Lunch Box, Home Bar, 'Le Corb' Single Drawer Study Desk, 100 % Cotton Block Print Table Cloths, 18 Drawers Dresser, 24 Drawer Industrial Workshop Metal Cabinet, Alcove Wall Glass Cabinet, Algae Cabinet, Angel Radio Box, Apothecary Wall Glass Cabinet, Apple Masala Box Black, Architrave Dresser, Army Tool Box, Army Tool Box XL, Artist High Stool, Arya Mirror Wall Cabinet, Athena Wall Glass Cabinet, Baby Old Teak Bench, Baccara Console, 'Le Corb' Single Drawer Study Desk, 100 % Cotton Block Print Table Cloths, 18 Drawers Dresser, 24 Drawer Industrial Workshop Metal Cabinet, Alcove Wall Glass Cabinet, Algae Cabinet, Angel Radio Box, Apothecary Wall Glass Cabinet, Apple Masala Box Black, Architrave Dresser, Army Tool Box, Army Tool Box XL, Artist High Stool, Arya Mirror Wall Cabinet, Athena Wall Glass Cabinet, Baby Old Teak Bench, Baccara Console, 'Le Corb' Single Drawer Study Desk, 100 % Cotton Block Print Table Cloths, 18 Drawers Dresser, 24 Drawer Industrial Workshop Metal Cabinet, Alcove Wall Glass Cabinet, Algae Cabinet, Angel Radio Box, Apothecary Wall Glass Cabinet, Apple Masala Box Black, Architrave Dresser, Army Tool Box, Army Tool Box XL, Artist High Stool, Arya Mirror Wall Cabinet, Athena Wall Glass Cabinet, Baby Old Teak Bench, Baccara Console, Clay Pot with Metal Stand, Vintage Railway Signal Lamp"
https://24estyle.com/products/eliza-fan,
https://hamptonsstyle.com.au/products/hamptons-style-gift-card,"Bar, Bar, Bar, Potato Sack Natural, Garlic Sack Natural"
https://www.thechesterfieldshop.com/products/sofas/,"Bella Sofa, Laguna Sofa, Sierra Sofa"
https://shop.humblecrew.com/products/lucky-theory-metal-chair,"River Collection Chair, River Collection Chair"
https://www.laura-james.co.uk/products/coffee-table-corona,"Corona Solid Pine Coffee Table, SHOP DINING TABLES, SHOP SOFAS, SHOP BEDS, SHOP SHOE CABINETS, SHOP OFFICE CHAIRS, SHOP GARDEN SOFAS, SHOP DINING TABLES, SHOP DINING CHAIRS, SHOP SOFAS, SHOP SIDEBOARDS, SHOP BEDS, SHOP SHOE CABINETS, SHOP OFFICE CHAIRS, SHOP OFFICE DESKS, Corona Solid Pine Coffee Table, Charlie Double Bed Frame And Mattress Set - Black"
https://vintage-etc.com/products/tabeni-coat-stand,"Tabeni Coat Stand, Tabeni Coat Stand"
https://decorium.us/products/costa-adjustable-barstool,"Raymond Antique Dual Tone Bar, Raymond Antique Dual Tone Bar, Mya Velvet Swivel Stool in 3 Colors Options, Mya Velvet Swivel Stool in 3 Colors Options, Grey Mid Century Stool in Counter or Bar Height, Grey Mid Century Stool in Counter or Bar Height, Betsy Velvet Stool in Counter or Bar Height, Betsy Velvet Stool in Counter or Bar Height, Luxe Stool in Bar or Counter Height, Luxe Stool in Bar or Counter Height"
https://pinchdesign.com/products/yves-desk,"Refined elegance by PINCH | View the Yves desk, Yves desk, Doyle desk, Doyle desk, Menton inlaid leather desk, Menton inlaid leather desk, Lana dressing table II, Lana dressing table II, Lyle console, Lyle console, Rodan console, Rodan console"
https://asianteakfurniture.com/products/bali-teak-bench-atf388,"Scandinavian Bali Teak Bench ATF388, Scandinavian Bali Teak Bench ATF388"
https://www.bibliotek.co/collections/featured/products/bird-oak-large,
https://modernityvintage.com/products/wilhelm-renz-metamorphic-coffee-table,"Wilhelm Renz Metamorphic Coffee Table, Wilhelm Renz Metamorphic Coffee Table"
https://www.modishstore.com/products/twos-company-sunburst-antiqued-gold-wall-mirror,
https://www.efurnitureny.com/products/wardrobes-and-closets/wardrobe-closet-and-armoires,"Checkout, Wardrobe and Closet, Entertainment Stands, Occassional Tables, Tables"
https://www.mydiscountmalta.com/products/mdm-wardrobe,"MDM Wardrobe Storage Organiser, MDM Wardrobe Storage Organiser"
https://derwenthouseliving.co.uk/products/,
https://www.kannoa.com/products/lipa-barstool,"Simplicity and Style, Designed for durability, practicality and style."
https://www.furnish123quadcities.com/search/products/?s=36505,
https://americanbackyard.com/products/gift-card,
https://sika-design.com/products/belladonna-nature,"Lulu Dining Chair, Ottoman Small, Ottoman Small, Ottoman Large, Ottoman Large, Susy Exterior Side Table, Susy Exterior Side Table, Roger Stool, Chain for Hanging Egg Chair, Luis Bench, Blues Counter Stool, Carlo Bar Trolley, Salsa Bar Stool, Charlottenborg Coffee Table, George Teak Table Ø160 cm, Isabell Bar Stool, George Teak Bench, George Teak Extendable Table 200/280x100 cm, Lucas Teak Dining Table 240X100 cm, Lucas Teak Dining Table 180X100 cm, Alfred Teak Coffee Table, Alfred Teak Side Table, Simone Stool, Simone Stool, Simone Stool, Tangelo Lamp Shade | Extra Small, George Teak Round Table Ø120 cm, Colonial Teak Table 160x100 cm, Colonial Teak Table 200x100 cm, Donatello Side Table, Donatello Side Table, Caroline Exterior Side Table, Caroline Exterior Side Table, Caroline Exterior Side Table, Ottoman Exterior Large, Ottoman Exterior Small, Victoria Exterior Round Cafe Table, Victoria Exterior Round Cafe Table, Nanny Rocking Chair, Tony Side Table, Tony Side Table, Tony Café Table, Tony Café Table, Simone Bar Stool, Simone Bar Stool, Simone Bar Stool, Simone Counter Stool, Simone Counter Stool, Simone Counter Stool, Isabell Bench, Nicole Cáfe Table 70x70 cm, Nicole Cáfe Table 70x70 cm, Nicole Cáfe Table 70x70 cm, Nicole Cáfe Table 70x70 cm, Valerie Exterior Chair, Valerie Exterior Chair, George Teak Table 240x100 cm"
https://dkmodernfurniture.com/products/novah-desks?variant=20650194534470,"Novah Desk, Sofas, Fabric Sectionals, Leather Sectionals, Accent Chairs, Coffee Tables, Side Tables, Dining Tables, Dining Chairs, Stools, Sideboards, Beds, Dressers, Chests, Novah Desk"
https://choufani.com/products/primavera-bed,"Primavera Bed 200x200, Primavera Bed 200x200, Primavera Bed 200x200"
https://thonet.co.nz/products/all,
https://ifortifi.ca/products/pl103,
https://alteriors.ca/collections/herman-miller/products/nelson-saucer-bubble-lamp,Nelson® Saucer® Bubble Pendant Lamp
https://www.yellowleafhammocks.com/products/hammock-gift-card,The Hammock Concierge
https://www.henryandoliverco.com/products/gift-vouchers,
https://qualitywoods.com/products/qw-amish-mckee-6pc-dining-set?variant=31793708105810,
https://www.hudsonfurniture.com.au/products/string-weave-timber-stool,"String weave timber stool, String weave timber stool, String weave timber stool"
https://mahliainteriors.com.au/collections/mothers-day-15-off-sale/products/bone-inlay-floral-box-black,"Buy Handmade Black Floral Bone Inlay Large Box, Bone Inlay Large Box : Floral : Black"
https://www.modernfurniture.com.au/collections/on-sale/products/vision-suspended-sunbed,
https://www.18karatstore.com/collections/new/products/argea,
https://www.homebarsusa.com/products/howard-miller-niagara-bar-693-001,"Howard Miller Niagara Bar 693001, Bar Stools, Howard Miller Niagara Bar 693001, Howard Miller Niagara Bar 693001, Howard Miller Cheers Bar 693027"
https://www.abowed.co.uk/products/oak-four-poster-bed,"Solid Oak Four Poster Bed With Drapes, Solid Oak Four Poster Bed With Drapes"
https://www.byronbayhangingchairs.com.au/products/weekender,"Weekender Beach Chairs (with head rest), Weekender Beach Chairs (with head rest)"
https://www.theinside.com/products/x-bench-onyx-austin-stripe-by-old-world-weavers/PTM_XBench_OnyxAustinStripeByOldWorldWeavers,
http://modliving.com.ph/products/,"Table Tops(27), Table Bases(34)"
https://www.classic2modern.com/products/100-sofa,"100 Classic Leather Sofa, 100 Classic Leather Sofa, 100 Classic Leather Sofa, Sofa Sets, Sofa Sets, Sofa Sets, Shop by brand"
https://www.nabisottomanfurniture.co.uk/products/chesterfield-diamante-bed-frame,
https://www.saladinostyle.com/products/nature,
https://www.prestige-affairs.com/products/wishbone-y-chair,"Y Wood Dining Chair, Black, Sofas, sofas, Chairs, chairs, Tables, tables, Xander Side Table, Astrid Tempered Glass Coffee Table, Eva Solid Wood Side Table,..., Eva Solid Wood Coffee Table,..., Noemi Coffee Table, Smoked Oak, Sidney 3 Seater Fabric Sofa,..., Santino Wood TV Console, American..., Y Wood Dining Chair, Black, Roxanne Solid Wood Bedside Table, Roxanne Solid Wood Bedside Table, Roxanne Wood Bed Frame, Queen, Roxanne Wood Bed Frame, Queen, Roxanne Solid Wood Dining Table (160cm), Roxanne Solid Wood Dining Table (160cm), Roxanne Solid Wood Dining Bench (150cm), Roxanne Solid Wood Dining Bench (150cm), Y Wood Dining Chair, Walnut Brown, Y Wood Dining Chair, Walnut Brown, Roxanne Wood TV Console (165cm), Roxanne Wood TV Console (165cm), Roxanne Wood Bed Frame, King, Roxanne Wood Bed Frame, King, Y Wood Dining Chair, Black, Y Wood Dining Chair, Black, Xander Side Table, Astrid Tempered Glass Coffee Table, Eva Solid Wood Side Table,..., Eva Solid Wood Coffee Table,..., Noemi Coffee Table, Smoked Oak, Sidney 3 Seater Fabric Sofa,..., Santino Wood TV Console, American..."
http://oot-oot.com/products/,Tumbavoodi BOX
https://www.coolstuffandaccessories.com/products/white-wood-dining-table,"White Wood Dining Table, White Wood Dining Table"
https://allworldfurniture.com/products/sallie-stool&via=http://www.twitter.com/alworldfurnitur&text=Euro%20Style%20Sallie%20Accent%20Stool,
https://pepegarden.co.uk/products/erica-park-bench,"Recliners and Sunbeds, Garden Chairs, Garden Benches, Garden Tables, Garden Table and Chair Sets, Lilli Two Seat Swing Collection, Terassi Three Seat Swing Collection, Riku Garden Rocking Chairs, Adirondack Chair Collection, Elli Chair Collection, Villa Garden Sofa Seats, Erica Park Bench, Amelia Rectangular Outdoor Dining Tables, Margot Round Outdoor Dining Tables, Bistro Tables Collection, Small Garden Occasional Tables, Margot Outdoor Round Table and Chairs Dining Sets, Viking Chair, Wheelchair Accessible Furniture, Lilli Two Seat Swing Collection, Terassi Three Seat Swing Collection, Serena Double Swing Bed Collection, Recliners and Sunbeds, Stella Recliner Collection, Garden Chairs, Adirondack Chair Collection, Elli Chair Collection, Riku Rocking Chairs, The Viking Chair Collection, Garden Benches, Villa Garden Sofa Seats, Erica Park Bench, Garden Tables, Amelia Rectangular Outdoor Dining Tables, Margot Round Outdoor Dining Tables, Small Garden Occasional Tables, Bistro Tables Collection, Garden Table and Chair Sets, Amelia rectangular tables with Elli Chairs, Margot round tables with Elli Chairs, Bistro Table Sets, Chair and Bench Covers, Sunbeds and Recliners Covers, Garden Table Covers, Wheelchair Accessible Furniture, Lilli Two Seat Swings, Terassi Three Seat Swings, Riku Rocking Chairs, Adirondack Chairs, Elli Chair Collection, Villa Garden Sofa Seats, Erica Park Bench, Amelia Rectangular Garden Dining Tables, Margot Outdoor Round Dining Tables, Bistro Tables Collection, Small Garden Occasional Tables, Margot Outdoor Round Table and Chairs Dining Sets, Viking Chair, Wheelchair Accessible Furniture, Erica Park Bench"
https://www.gblfurniture.com/products/provence-1door-cabinet,Quality and style
https://www.perchfurniture.com/products/hoyt-chair,"Hoyt Chair, Hoyt Chair"
https://hemma.sg/products/flower-planter?_pos=1&_sid=7be5737ba&_ss=r,
https://allwoodfurn.com/products/group-119-rustic-two-tone-gathering-table-and-barstools,
https://chelseafurnishings.co.uk/products/ashton-range,
https://outonthepatio.com.au/products/aria,
http://www.genesisfurniturelv.com/products/,
https://www.askewsfurniture.co.uk/products/disposal-of-old-mattress,"Arm Chair Disposal, Arm Chair Disposal"
https://www.georgestreet.co.uk/products/e1-flush-3-light-ceiling-light/,"Curved Smart Desk Home Office Oak PC711, Smart Desk Home Office Walnut, Vienna Desk Home Office Walnut With Drawer PC609, Cole Small Sofa"
https://huset-shop.com/products/gift-card,
https://www.normann-copenhagen.com/en/en/products/tivoli/lamps/toli-lamp--20-cm-eu-5005028,Lamps | Modern lighting for your interior
https://www.nigbursfinefurniture.com/products/,
